config,eps,min_samples,n_clusters,noise_frac,silhouette_non_noise
tight,0.25,10,3,0.982183908045977,0.6849737763404846
loose,0.45,5,9,0.3114942528735632,0.027157345786690712
